0,Branch 0,N
100,Admin Clearing,N
110,General Admin,N
120,General Admin (Transfers),N
130,Management Levy,N
140,Car Pool,N
150,Capital Works Internal Levy,N
155,Depreciation,N
160,Salary On Costs,N
175,Violet Grove,N
185,Daylesford,N
210,Do Care,N
215,Ararat Do Care,N
220,Do Care Minor Capital,N
225,Community Visiting,N
230,Community Transport,N
235,Ararat Transport,N
240,Support for Carers,N
245,Ararat Support for Carers,N
250,Carers Respite,N
255,Non Recurrent,N
260,Quality,N
275,Safety,N
280,Sunways,N
285,Transport Connections (old),N
290,Do Care Ball Soc Acc,N
295,Bus Surplus,N
300,AOD Management,N
330,A & D Family Counselling,N
335,CCCC,N
340,Post Withdrawal Linkage,N
345,SACC Female,N
350,SACC Male,N
355,Youth,N
360,Intensive Case Management,N
370,Reids Guest House,N
380,Youth Non Recurrent,N
384,Interagency A&OD Meeting,N
385,YRIPP (historical),N
386,AOD Workforce Dev Project,N
387,Dual Diagnosis Rsv,N
389,Key Directions Initiative,N
390,Drug Action Week,N
392,Kokoda (historical),N
396,Minor Capital Works,N
397,Drug Diversion,N
400,Housing Management,N
410,THM Admin,N
412,THM IT Project,N
415,THM Properties,N
417,Truck Reserve,N
420,IAP (Initial Assessment and Pl,N
425,HEF,N
430,HPF Rooming Houses,N
432,Community Capacity Building,N
435,Outreach Properties,N
440,SHIP,N
445,Open Doors (DHS),N
460,SAAP Homelessness NetworkeR,N
462,Homelessness Networker Operating,N
465,SAAP Families,N
467,SAAP Fam Discretionary,N
470,Families at Risk of Homele,N
472,Families at Risk of Homele,N
475,A Place to Call Home,N
477,APTCH Brokerage,N
480,SAAP Children's Resource C,N
482,SAAP CRC Brokerage,N
484,HSS CRC Training,N
486,SAAP IST,N
490,Breezeway,N
492,Breezeway Transfers,N
500,Kindergarten Management,N
510,Alfredton Pre-School,N
515,Buninyong Pre-School,N
520,Jubilee Kindergarten,N
525,Yuille Park Children√ïs Centre,N
530,Wendouree Occasional Care,N
550,Bacchus Marsh Montessori Centr,N
555,St. Lukes Pre School,N
560,Torquay Occasional Care ,N
565,Waubra Pre School,N
610,Integrated Family Services,N
615,Ballarat Family Therapy Group,N
620,Lifeline,N
625,Lifeline Internal Income,N
630,Community & Corporate Training,N
635,The Line,N
650,Furniture Shop,N
655,Furniture Shop Internal Transf,N
660,Morton Street Warehouse,N
665,Violet Grove Op Shop,N
667,Violet Grove Op Shop Transfers,N
670,Shepperd St Shop,N
675,Shepperd St Internal Transfers,N
680,Light Lounge,N
685,Light Lounge Internal Transfer,N
690,Reids Shop,N
695,Reids Shop Internal Transfers,N
700,Agency Development,N
705,General Projects,N
715,Gift Fund,N
717,Skewes Gift Fund,N
720,Famous Last Words,N
722,Vintage Fair,N
725,Home Show,N
730,Pancake Day,N
732,Pancake Day Distrib,N
735,Jumble Sale,N
740,Open Garden,N
745,Springfest Pancakes,N
750,Clunes Book Festival,N
752,Clunes Book Distrib,N
755,Election Day Barbeque,N
757,Election Day Distrib,N
760,Christmas Cards,N
762,Christmas Cards Distrib,N
770,Op Shop Ball,N
772,Op Shop Ball Distribution,N
775,UTF Dinner & Auction,N
780,Under the Floorboards,N
785,Inn Their Shoes,N
790,Project Distributions ,N
815,Family Ties (Staff),N
817,Family Ties Sponsor Donations,N
870,General Welfare (Donations & Staff),N
872,3BA Appeals,N
875,FaCHSIA Emergency Relief,N
877,FaCHSIA Flood Relief,N
880,Whitegoods Loans,N
885,Living Better For Less,N
890,Research into barriers to acco,N
910,Karrung Operating,N
920,Karrung Willow Grove,N
925,Karrung Road Trauma Session & ,N
931,Karrung Establishment Funding,N
932,Karrung Developmental Phase,N
960,Tabor,N
965,Tabor Capital Fund,N
970,Tabor Equine Program,N
980,Eastern Hill Camp,N
